{"cameraMode":{"drawMode":0,"name":"Shaded","section":"Shading Mode"},"sceneLighting":false,"audioPlay":false,"sceneViewState":{"showFog":true,"showMaterialUpdate":false,"showSkybox":true,"showFlares":true,"showImageEffects":true,"showParticleSystems":true},"in2DMode":false,"pivot":{"x":-3.8549437522888185,"y":0.0,"z":0.3884460926055908},"rotation":{"x":0.24375471472740174,"y":0.2788526117801666,"z":-0.07340934127569199,"w":0.925997257232666},"size":4.041658401489258,"orthographic":false}